user,action,message,timestamp
user2,comment,This is a comment by user2,2025-11-18T23:35:27.333111
user2,comment,This is a like by user3,2025-11-18T23:35:28.333417
user1,post,This is a comment by user2,2025-11-18T23:35:29.333914
user1,comment,This is a like by user1,2025-11-18T23:35:30.334325
user1,like,This is a comment by user1,2025-11-18T23:35:31.334763
user2,like,This is a comment by user2,2025-11-18T23:35:32.335123
user3,comment,This is a post by user3,2025-11-18T23:35:33.335530
user2,post,This is a comment by user3,2025-11-18T23:35:34.336009
user2,comment,This is a like by user2,2025-11-18T23:35:35.336364
user1,post,This is a like by user1,2025-11-18T23:35:36.336701
user3,like,This is a like by user1,2025-11-18T23:35:37.337035
user3,comment,This is a post by user2,2025-11-18T23:35:38.337368
user1,post,This is a comment by user3,2025-11-18T23:35:39.337728
user2,post,This is a post by user1,2025-11-18T23:35:40.338107
user2,like,This is a comment by user3,2025-11-18T23:35:41.338522
user2,comment,This is a like by user2,2025-11-18T23:35:42.338846
user3,comment,This is a comment by user3,2025-11-18T23:35:43.339215
user1,comment,This is a comment by user2,2025-11-18T23:35:44.339528
user3,post,This is a comment by user2,2025-11-18T23:35:45.339901
user2,like,This is a post by user2,2025-11-18T23:35:46.340259
user1,post,This is a post by user1,2025-11-18T23:35:47.340633
user3,post,This is a post by user2,2025-11-18T23:35:48.340994
user3,like,This is a like by user2,2025-11-18T23:35:49.341345
user2,post,This is a like by user3,2025-11-18T23:35:50.341696
user3,like,This is a post by user1,2025-11-18T23:35:51.342025
user3,post,This is a comment by user2,2025-11-18T23:35:52.342381
user2,post,This is a post by user1,2025-11-18T23:35:53.342733
user1,comment,This is a post by user2,2025-11-18T23:35:54.343158
user2,like,This is a like by user3,2025-11-18T23:35:55.343506
user2,post,This is a post by user2,2025-11-18T23:35:56.343868
user1,post,This is a post by user3,2025-11-18T23:35:57.342737
user1,like,This is a post by user2,2025-11-18T23:35:58.343154
user3,like,This is a post by user1,2025-11-18T23:35:59.343508
user2,like,This is a like by user1,2025-11-18T23:36:00.343859
user2,comment,This is a comment by user3,2025-11-18T23:36:01.344224
user3,comment,This is a post by user2,2025-11-18T23:36:02.344593
user1,comment,This is a like by user2,2025-11-18T23:36:03.344928
user3,post,This is a post by user3,2025-11-18T23:36:04.345278
user1,like,This is a like by user1,2025-11-18T23:36:05.345623
user1,post,This is a post by user2,2025-11-18T23:36:06.345990
user2,post,This is a post by user2,2025-11-18T23:36:07.346373
user3,like,This is a like by user3,2025-11-18T23:36:08.346860
user2,post,This is a like by user2,2025-11-18T23:36:09.347337
user2,post,This is a like by user1,2025-11-18T23:36:10.347706
user1,comment,This is a post by user1,2025-11-18T23:36:11.348070
user1,like,This is a comment by user1,2025-11-18T23:36:12.348414
user3,comment,This is a like by user1,2025-11-18T23:36:13.348811
user1,like,This is a post by user1,2025-11-18T23:36:14.349185
user1,post,This is a post by user1,2025-11-18T23:36:15.349555
user1,comment,This is a post by user3,2025-11-18T23:36:16.349865
user1,post,This is a post by user1,2025-11-18T23:36:17.350186
user3,comment,This is a post by user3,2025-11-18T23:36:18.350531
user3,comment,This is a like by user1,2025-11-18T23:36:19.351004
user2,post,This is a comment by user3,2025-11-18T23:36:20.351462
user3,post,This is a post by user3,2025-11-18T23:36:21.351845
user1,post,This is a comment by user3,2025-11-18T23:36:22.352226
user1,post,This is a like by user2,2025-11-18T23:36:23.352610
user2,post,This is a like by user1,2025-11-18T23:36:24.352988
user1,comment,This is a post by user1,2025-11-18T23:36:25.353444
user2,post,This is a post by user1,2025-11-18T23:36:26.353919
user1,like,This is a like by user3,2025-11-18T23:36:27.352302
user1,comment,This is a like by user1,2025-11-18T23:36:28.352639
user3,comment,This is a post by user3,2025-11-18T23:36:29.352966
user3,post,This is a comment by user2,2025-11-18T23:36:30.353287
user1,post,This is a post by user2,2025-11-18T23:36:31.353663
user1,post,This is a like by user3,2025-11-18T23:36:32.354127
user3,post,This is a comment by user3,2025-11-18T23:36:33.354484
user3,post,This is a like by user1,2025-11-18T23:36:34.354831
user2,post,This is a like by user2,2025-11-18T23:36:35.355138
user1,post,This is a like by user1,2025-11-18T23:36:36.355474
user1,comment,This is a like by user3,2025-11-18T23:36:37.355781
user3,post,This is a comment by user3,2025-11-18T23:36:38.356107
user3,like,This is a post by user3,2025-11-18T23:36:39.356560
user2,post,This is a like by user2,2025-11-18T23:36:40.357047
user2,comment,This is a post by user2,2025-11-18T23:36:41.357349
user1,post,This is a post by user1,2025-11-18T23:36:42.357677
user1,comment,This is a comment by user3,2025-11-18T23:36:43.357993
user1,comment,This is a comment by user1,2025-11-18T23:36:44.358397
user1,post,This is a post by user1,2025-11-18T23:36:45.358707
user3,post,This is a comment by user1,2025-11-18T23:36:46.359011
user3,post,This is a post by user2,2025-11-18T23:36:47.359316
user1,post,This is a comment by user3,2025-11-18T23:36:48.359621
user2,post,This is a like by user3,2025-11-18T23:36:49.359962
user3,post,This is a post by user1,2025-11-18T23:36:50.360248
user2,comment,This is a like by user2,2025-11-18T23:36:51.360559
user2,comment,This is a comment by user1,2025-11-18T23:36:52.360862
user3,post,This is a comment by user2,2025-11-18T23:36:53.361207
user3,like,This is a post by user3,2025-11-18T23:36:54.361541
user2,like,This is a comment by user3,2025-11-18T23:36:55.361866
user1,post,This is a comment by user2,2025-11-18T23:36:56.362180
user3,post,This is a comment by user1,2025-11-18T23:36:57.360913
user1,comment,This is a comment by user3,2025-11-18T23:36:58.361251
user2,like,This is a post by user3,2025-11-18T23:36:59.361546
user1,comment,This is a post by user1,2025-11-18T23:37:00.361893
user1,comment,This is a like by user3,2025-11-18T23:37:01.362308
user2,post,This is a comment by user2,2025-11-18T23:37:02.362655
user2,like,This is a post by user3,2025-11-18T23:37:03.362985
user2,comment,This is a post by user3,2025-11-18T23:37:04.363335
user1,comment,This is a post by user1,2025-11-18T23:37:05.363718
user1,post,This is a like by user1,2025-11-18T23:37:06.364094
user1,like,This is a like by user2,2025-11-18T23:37:07.364452
user2,comment,This is a comment by user3,2025-11-18T23:37:08.364828
user2,comment,This is a comment by user3,2025-11-18T23:37:09.365156
user2,comment,This is a post by user2,2025-11-18T23:37:10.365596
user1,comment,This is a comment by user2,2025-11-18T23:37:11.365963
user1,post,This is a comment by user2,2025-11-18T23:37:12.366331
user2,comment,This is a comment by user1,2025-11-18T23:37:13.366673
user3,post,This is a post by user1,2025-11-18T23:37:14.367031
user1,like,This is a comment by user2,2025-11-18T23:37:15.367422
user1,comment,This is a like by user3,2025-11-18T23:37:16.367833
user3,comment,This is a comment by user3,2025-11-18T23:37:17.368280
user1,comment,This is a comment by user2,2025-11-18T23:37:18.368668
user3,comment,This is a comment by user3,2025-11-18T23:37:19.369039
user1,comment,This is a comment by user2,2025-11-18T23:37:20.369489
user1,like,This is a like by user2,2025-11-18T23:37:21.369902
user3,like,This is a post by user3,2025-11-18T23:37:22.370370
user1,comment,This is a comment by user2,2025-11-18T23:37:23.370696
user3,post,This is a like by user3,2025-11-18T23:37:24.371146
user1,post,This is a like by user3,2025-11-18T23:37:25.371528
user2,comment,This is a comment by user2,2025-11-18T23:37:26.371873
user1,comment,This is a like by user2,2025-11-18T23:37:27.369973
user3,like,This is a like by user3,2025-11-18T23:37:28.370347
user1,comment,This is a like by user3,2025-11-18T23:37:29.370685
user1,post,This is a like by user1,2025-11-18T23:37:30.371030
user2,comment,This is a like by user1,2025-11-18T23:37:31.371363
user2,like,This is a comment by user1,2025-11-18T23:37:32.371730
user2,like,This is a post by user3,2025-11-18T23:37:33.372099
user3,comment,This is a post by user2,2025-11-18T23:37:34.372420
user1,comment,This is a post by user1,2025-11-18T23:37:35.372742
user1,comment,This is a post by user1,2025-11-18T23:37:36.373080
user3,comment,This is a comment by user1,2025-11-18T23:37:37.373496
user3,post,This is a post by user1,2025-11-18T23:37:38.373851
user2,comment,This is a comment by user1,2025-11-18T23:37:39.374208
user2,post,This is a like by user1,2025-11-18T23:37:40.374561
user2,comment,This is a like by user1,2025-11-18T23:37:41.374933
user3,like,This is a post by user3,2025-11-18T23:37:42.375261
user2,like,This is a comment by user1,2025-11-18T23:37:43.375633
user2,post,This is a post by user2,2025-11-18T23:37:44.376014
user1,post,This is a post by user1,2025-11-18T23:37:45.376388
user1,comment,This is a comment by user1,2025-11-18T23:37:46.376723
user2,post,This is a post by user3,2025-11-18T23:37:47.377043
user2,comment,This is a like by user3,2025-11-18T23:37:48.377389
user1,post,This is a post by user1,2025-11-18T23:37:49.377756
user2,like,This is a comment by user3,2025-11-18T23:37:50.378110
user1,post,This is a like by user3,2025-11-18T23:37:51.378448
user2,comment,This is a like by user3,2025-11-18T23:37:52.378772
user3,comment,This is a comment by user1,2025-11-18T23:37:53.379113
user1,post,This is a comment by user3,2025-11-18T23:37:54.379470
user1,comment,This is a post by user3,2025-11-18T23:37:55.379784
user2,like,This is a comment by user2,2025-11-18T23:37:56.380085
user2,comment,This is a post by user1,2025-11-18T23:37:57.379249
user1,post,This is a post by user2,2025-11-18T23:37:58.379571
user1,comment,This is a like by user2,2025-11-18T23:37:59.379895
user2,post,This is a like by user1,2025-11-18T23:38:00.380347
user3,like,This is a like by user2,2025-11-18T23:38:01.380659
user3,like,This is a post by user2,2025-11-18T23:38:02.381008
user1,like,This is a like by user3,2025-11-18T23:38:03.381327
user3,post,This is a comment by user1,2025-11-18T23:38:04.381680
user2,post,This is a post by user1,2025-11-18T23:38:05.382007
user2,comment,This is a like by user2,2025-11-18T23:38:06.382307
user2,like,This is a post by user1,2025-11-18T23:38:07.382648
user1,post,This is a post by user3,2025-11-18T23:38:08.382991
user1,post,This is a post by user1,2025-11-18T23:38:09.383315
user2,like,This is a like by user2,2025-11-18T23:38:10.383653
user2,post,This is a comment by user2,2025-11-18T23:38:11.383970
user2,like,This is a post by user1,2025-11-18T23:38:12.384304
user1,post,This is a comment by user3,2025-11-18T23:38:13.384627
user2,comment,This is a comment by user2,2025-11-18T23:38:14.384953
user1,comment,This is a comment by user1,2025-11-18T23:38:15.385288
user3,like,This is a comment by user1,2025-11-18T23:38:16.385650
user2,comment,This is a post by user3,2025-11-18T23:38:17.386032
user3,like,This is a comment by user1,2025-11-18T23:38:18.386453
user3,like,This is a post by user2,2025-11-18T23:38:19.386872
user3,comment,This is a comment by user2,2025-11-18T23:38:20.387281
user1,like,This is a like by user1,2025-11-18T23:38:21.387630
user1,like,This is a comment by user3,2025-11-18T23:38:22.388092
user3,post,This is a like by user1,2025-11-18T23:38:23.388429
user3,comment,This is a like by user3,2025-11-18T23:38:24.388816
user3,like,This is a like by user1,2025-11-18T23:38:25.389232
